{
    "total_reward": {
        "mean": 45.76400000000005,
        "std": 34.7744260053278,
        "min": 7.800000000000006,
        "max": 209.60000000000255
    },
    "steps": {
        "mean": 226.61,
        "std": 175.08414519881578,
        "min": 34.0,
        "max": 1006.0
    },
    "approx_pipes": {
        "mean": 13.58,
        "std": 10.995617308728056,
        "min": 1.0,
        "max": 64.0
    },
    "deaths": {
        "mean": 13.4,
        "std": 11.345483682946268,
        "min": 0.0,
        "max": 61.0
    },
    "top_hits": {
        "mean": 29.85,
        "std": 23.636571240347024,
        "min": 2.0,
        "max": 128.0
    },
    "action_0_frac": {
        "mean": 0.7665859496331651,
        "std": 0.011003669722388863,
        "min": 0.7333333333333333,
        "max": 0.7833333333333333
    },
    "action_1_frac": {
        "mean": 0.2334140503668349,
        "std": 0.011003669722388858,
        "min": 0.21666666666666667,
        "max": 0.26666666666666666
    },
    "actions_total": {
        "mean": 226.61,
        "std": 175.08414519881578,
        "min": 34.0,
        "max": 1006.0
    }
}